Class,Xstreams,Threads,Time(s),Time(nanos),Status
B,1,1,6192.05666666666666666666,221541141668.95333333333333333333,SUCCESSFUL
B,2,2,1846.14000000000000000000,1746086346752047957.33333333333333333333,SUCCESSFUL
B,4,4,580.31000000000000000000,1746086455215657642.66666666666666666666,SUCCESSFUL
B,7,7,329.53000000000000000000,1746086500041384960.00000000000000000000,SUCCESSFUL
B,8,8,319.09666666666666666666,1164057693949495399.34666666666666666666,SUCCESSFUL
B,14,14,318.41333333333333333333,11403311729.43000000000000000000,SUCCESSFUL
B,28,28,,,SUCCESSFUL
