Xstreams,Threads,Time(s),Time(nanos),Status
1,1,22.21000000000000000000,22.21000000000000000000,SUCCESSFUL
2,1,23.25666666666666666666,11.62666666666666666666,SUCCESSFUL
3,1,24.92333333333333333333,8.31000000000000000000,SUCCESSFUL
