Class,Xstreams,Threads,Time(s),Time(nanos),Status
S,1,1,.11000000000000000000,106883666.66666666666666666666,SUCCESSFUL
W,1,1,3.89000000000000000000,3891912333.33333333333333333333,SUCCESSFUL
A,1,1,39.60333333333333333333,39605063333.33333333333333333333,SUCCESSFUL
B,1,1,160.78333333333333333333,160792341333.33333333333333333333,SUCCESSFUL
C,1,1,648.73666666666666666666,648768826333.33333333333333333333,SUCCESSFUL
