Class,Xstreams,Threads,Time(s),Time(nanos),Status
S,1,1,.11000000000000000000,111222333.33333333333333333333,SUCCESSFUL
W,1,1,3.99666666666666666666,3997739666.66666666666666666666,SUCCESSFUL
A,1,1,40.52000000000000000000,40520010666.66666666666666666666,SUCCESSFUL
B,1,1,165.46333333333333333333,165476012000.00000000000000000000,SUCCESSFUL
C,1,1,660.17666666666666666666,660281125333.33333333333333333333,SUCCESSFUL
