Xstreams,Threads,Time(s),Time(nanos),Status
1,1,10.75000000000000000000,10752078065.66666666666666666666,SUCCESSFUL
