Xstreams,Threads,Time(s),Time(nanos),Status
1,1,19.06666666666666666666,19067422443.00000000000000000000,SUCCESSFUL
