Xstreams,Threads,Time(s),Time(nanos),Status
1,1,19.31666666666666666666,19318922519.33333333333333333333,SUCCESSFUL
